<?xml version="1.0"?>
<book>
    <info gen="true">
        <name>Magic Farm Basic Survival Guide</name>
        <author>jadedcat</author>
        <color>775C96</color>
        <item>blockGravel</item>
		<item>itemFlint</item>
		<item>itemClayball</item>
		<item>itemUnfiredclaybucket</item>
		 </info>
		<register type="item" data="13" name="blockGravel"></register>
		<register type="item" data="318" name="itemFlint"></register>
		<register type="item" data="337" name="itemClayball"></register>
		<register type="item" data="25966" name="itemUnfiredclaybucket"></register>
		
		<page> <text bold="true">Magic Farm Survival Guide</text>
		<text wrap="200" y="20">Welcome to Magic Farm 2. This is not your normal modpack. This pack is a conversion pack aimed at putting the survival challenge back into Minecraft. Vanilla tools and hunger mechanics have been beaten up and rearranged for a playstyle that only resembles Minecraft.</text>
		
		</page>
		
		<page> <text bold="true">Tool Changes</text>
		<text wrap="200" y="20">The first thing you may notice is you can't make wooden tools. There's a lot of changes to tools. Some of the most noticeable:</text>
		<text wrap="200" x="15" y="50">
1. Vanilla tools are either uncraftable or practically useless for mining,digging and chopping. The only ones craftable are the ones needed to make various machines.
2. Some TiCon parts are uncraftable. Many tools can only be made with specific materials.
3. Holding shift over a TiCon part pattern will tell you what materials you can use to make that part
4. You will need metal before you can till land for a farm
5. Tools have specific mining levels</text>
		
		</page>
		
		<page> <text bold="true">Mining Tool Levels</text>
		<text wrap="200" y="20">TiCon tool levels for mining follow a progression. You will need to replace the pickaxe head with the next higher level or level it up through use or add a mob head to the tool to be able to mine new materials.</text>
		<text wrap="200" x="15" y="65">
1. Stone Netherrack Cactus and Vanilla Tools
2. Flint/Bone
3. Copper
4. Iron/Thaumium
5. Bronze/Steel
6. Obsidian/Alumite
7. Ardite
8. Cobalt
9. Manyullyn: top tier tools from Redstone Arsenal and Thaumcraft are at this level.
		</text>
		
		</page>
		
		<page> 
		<text wrap="200" y="20">Some materials have been disabled for making TiCon tools. Some materials can only be used to make specific tools. If you hold shift while hovering over a TiCon pattern or cast it will tell you what materials can be used to make that part. Currently there are a intentional special cases and a few minor bugs and things reported as bugs that are not.</text>
		<text wrap="200" x="15" y="110">
		1. Mattocks can only be made out of metal. Because of a bug they need to be made completely of one material and cannot be modified after creation. Attempting to modfy this tool may result in a client crash.
		2. Hammers and Battle Axes appear to only get experience from mining and logging not from killing mobs.		
		</text>
		
		</page>
		
		<page> 
		<text wrap="200" x="15" y="20">		
		3. Thaumium parts are made by using Thaumium ingots with a wooden pattern. This is the only metal that can be crafted into parts using a wooden pattern. 
		4. Thaumium parts must be used in the first creation of the tool if you want the extra modifier from using Thaumium.

		</text>
		
		</page>
		
			<page> <text bold="true">Your First Tools</text>		
		<text wrap="200" y="20">To start you can make a vanilla wooden shovel. TiCon wooden shovels however can be upgraded and repaired. Your first pick and axe will be made of flint. You can also use flint to make a knife which will act as a crude ranged or melee weapon. Since flint is a luck based drop from gravel and the crazy lady who made the pack dislikes relying on luck a crafting recipe has been added to make flint from gravel.</text>
				 <crafting x ="80" y="170" size="0.75">
            <craft1>blockGravel,blockGravel,blank</craft1>
            <craft2>blockGravel,blockGravel,blank</craft2>
            <craft3>blank,blank,blank</craft3>
            <craftResult num="1">itemFlint</craftResult>
        </crafting>		
		
		
		</page>
		
			<page> <text bold="true">Helpful things to get started</text>		
		<text wrap="200" y="20">Several items are available to help you hopefully survive the mobs that want you dead, maybe long enough to get a farm, at least until something burns it down. Since iron can take a while to get and you will want some tools before the iron age, a special clay bucket has been added.</text>
				 <crafting x ="80" y="110" size="0.75">
            <craft1>itemClayball,blank,itemClayball</craft1>
            <craft2>blank,itemClayball,blank</craft2>
            <craft3>blank,blank,blank</craft3>
            <craftResult num="1">itemUnfiredclaybucket</craftResult>
        </crafting>
		<text wrap="200" x="15" y="160">Cook the unfired bucket in a furnace to get a clay bucket. Clay buckets can be used to move any fluid in the game. However when moving lava the clay bucket breaks after one use.</text>		
		
		</page>
		
			<page> <text wrap="200" y="5">
			1. Sleeping bags can be used to skip nighttime but will not reset your spawn.
            2. Strongboxes are blastproof and can be picked up and moved through the use of a crescent hammer
            3. Flags can be made and dyed different colors for use in marking your way through a cave system
            4. Pressing "U" over an item in your inventory or NEI will tell you what recipes can be made with that item. Pressing "R" over an item will tell you the crafting recipe that creates the item.
            5. Many of the mods add books that will give you more info on how to use the mod. In fact by now your hotbar is probably full of books. READ THEM.			</text>				 
			
		
		</page>
		
			<page> <text bold="true">Hunger</text>		
		<text wrap="200" y="20">The next major change in Magic Farm is to the hunger system.
    1. Yes you are starving faster, stop moving so much :p
    2. Basic one item recipes will not fill you up very much or last long.
    3. As a general rule the more ingredients in a meal the more it fills you up and the longer the food lasts. Higher level foods also give you a "Well Fed" buff that adds health regen. As long as you have the "Well Fed" buff you will not lose hunger.
    4. Farming is a must, but you are going to need a metal mattock to get started.
		   </text>
					
		
		</page>	
		
		<page> <text bold="true">Automated Mining</text>		
		<text wrap="200" y="20">Everyone always asks what the automated mining options are in this pack. I am not going to cover how to use each of hem but here are your options:
		1. Ender Quarry - Extra Utilities
		2. Laser Drill - MFR
		3. Arcane Bore - Thaumcraft
		4. Ritual - Blood Magic
		Your pump for moving fluids is the Ender-Thermic pump from Extra Utilities. It will load the chunks it is moving fluid from, it works in all dimensions and will move any fluid.
		   </text>
					
		
		</page>	
		
		<page> <text bold="true">Energy</text>		
		<text wrap="200" y="20">The main energy network in MF2 is Redstone Flux. MFR Bio Reactors and Generators, Thermal Expansion Generators and Extra Utilities generators all output various levels of RF and can be fueld with everything from lava to food. Conduits will convert from RF to MJ for the machines added by Forestry and Extra Bees. Nothing in this pack converts from MJ to RF. 
				
		   </text>
					
		
		</page>	
		

       <page> <text bold="true">Mods</text>		
		<text wrap="200" y="20">There are quite a few mods in Magic Farm 2. I will be adding sections to this book for different mods. I may add mod specific books at some point as well.
    
		   </text>
					
		
		</page>		

        <page> <text bold="true">Extra Bees and Extra Trees</text>		
		<text wrap="200" y="20">
		Forestry Addon
		Author: Binnie
		Extra Bees adds machines that can be used to splice the genes of different bees together.It adds new bee species that can produce most metals, gems and resources.New frames and alveary blocks allow you even more control over your bee habitats. Extra Trees adds new breedable tree species. The fruit from these trees are compatible with Harvestcraft recipes using fruit. The mod also adds a woodworker that can create hundreds of customized panels for decoration.
    
		   </text>
					
		
		</page>	
        <page> <text bold="true">Extra Utilities</text>		
		<text wrap="200" y="20">	
		Author: RWTema
		Extra Utilities adds many utility type blocks. Of special note in Magic Farm the Ender Thermic Pump is the only pump in the pack. It functions as a chunkloader and runs off RF. It can pump any fluid in the pack. When it removes a source block of fluid it replaces it with a stone block which keeps server lag to a minimum. The Ender Quarry functions much the same way replacing ores with dirt instead of leaving gaping holes. The builder's wand and angel block can be used to build castles in the sky. The trading station can help you access all the trades in your villager breeding farm.
		
		   </text>
					
		
		</page>	
		
		<page> <text bold="true">Harvestcraft</text>		
		<text wrap="200" y="20">	
		Author: MatrexxVigil
		This mod adds a majority of the crops and foods you will be trying to find to survive. Try to make meals not snacks as soon as possible. You will find the seeds by breaking grass. Any produce can be turned into seeds by placing it in a crafting grid. 
		
		   </text>
					
		
		</page>	
		
		<page> <text bold="true">Hunger Overhaul</text>		
		<text wrap="200" y="20">	
		Author: IguanaMan
		This mod is what changes the hunger values and helps you starve to death. This is one of the main foundation mods in MF2.
		
		   </text>
					
		
		</page>	

        <page> <text bold="true">Mine Factory Reloaded</text>		
		<text wrap="200" y="20">	
		Author: Powercrystals and Skyboy
		MineFactory Reloaded is a vast mod, comprising many useful machines and automation devices. This is one of the main foundation mods for the pack. While you can use Forestry multi-farms most of your farming and mob processing will probably be done with MFR.To get started, most of the MFR machines require rubber.  Rubber trees are generated throughout the landscape.  Break the wood to acquire the flexible material, then smelt it into rubber bars, and then again into raw plastic.  This plastic can then be crafted into sheets of plastic, which are the foundation for most of the machines. The raw rubber can be used to make torches. Putting the rubber wood in a sawmill will get you jungle planks and glue. Glue can be used as a replacement for slimeballs.
		
		
		   </text>
					
		
		</page>	
		
		<page> <text bold="true">Mystcraft</text>		
		<text wrap="200" y="20">	
		Author: XCompwhiz
		Article by: keybounce </text>
		
		<text wrap="200" y="60">Mystcraft is a mod about writing Books that describe Ages. An age, in minecraft, is a dimension. Every age is a different dimension, with different landscape, blocks, maps, etc.</text>
		
		</page>
		
		<page> <text bold="true">Getting Started</text>
		<text wrap="200" y="20">Look up (in NEI) the following blocks:
    Ink Mixer -- used to make Link Panels from Black Ink
    Book Binder -- Used to make Descriptive Books from Link Panels, Leather, and Symbols
    Writing Desk -- Used to copy symbols; uses paper and black ink~
    Book Stand -- Holds books
    Lectern -- Holds books
    Notebook -- Holds symbols; made from three leather~
    Black ink -- made from black dye and water</text>

		
		</page>
		
		<page> 
		<text wrap="200" x="15" y="5">		
		To start, you want to be able to make "Unlinked Linking book"s. These are made from leather and a link panel; link panels are made from the Ink Mixer and "black ink". "Black Ink", as shown in NEI, is ink sacs (or any other black dye) and water. 
		Book stands, and Lecterns, are used to hold a book safely in place. Be sure to have these where rain or snow will not land on them.

		</text>
		
		</page>
		
		<page>
		<text wrap="200" x="15" y="5">		
		Linking books are portable, cross dimensional teleportation destinations. An unlinked linking book is like a blank map. You go to the spot you want to teleport to, have a single unlinked link book, and "use" it (right click normally). This makes it into a "Linking book" bound to that spot. You can now go anywhere, in a different dimension, and use that book to return to this spot.~
         ** BOOKS DO NOT LINK WITH YOU **~
        Your book will stay behind. This is what bookstands and lecterns are for.

		</text>
					
		
		</page>
		
		<page>
		<text wrap="200" x="15" y="5">	Step one: Learn how to safely link back and forth between the nether and the overworld. Learn how to use a "nether hub" as a safe spot for travel to and from various places in the overworld. Next, you will want to learn how to make new worlds to visit. You can find symbols in various loot chests, from Mystcraft Villagers, or from Libraries found in ages. But to travel to an age, you need a descriptive book.~
		

		</text>
					
		
		</page>
		
		<page>
		<text wrap="200" x="15" y="5">	
		
		Descriptive books are made by using the Book Binder; the first page must be a linking panel, and leather must be in the binding slot. Other symbols may be added to customize what would otherwise be a random world.
       
		</text>
					
		
		</page>
		
		<page>
		<text wrap="200" x="15" y="5">	
		
		** SAFETY **: As a minimum safety level, bring three books (two in your hotbar), two linking stands (one in your hotbar), and a chest (preferably in your hotbar, not as critical) with you when you enter a new age. Place one stand, and one book (this has to be from your hotbar) near the spot you arrive at. Place the chest, second stand, and book close to, but not too near, your arrival spot (ideally it should be far enough away that if a charged creeper explodes on you, the chest will still be intact.) Torches, jack-o-lanterns, etc., are recommended optionals, as is a wall and a roof around your return home book.~
       
		</text>
					
		
		</page>
		
		<page>
		<text wrap="200" x="15" y="5">	
		
		Keep the third book in your hotbar at all times. Many ages will have exposed void; if you fall into the void, you have enough time to use a linking book on your hotbar to escape.
		Remember, the key rule of entrapment: From any age, including the Overworld, you can craft books that let you visit new ages (descriptive books), or that will bring you back to where you are now (linking books). Nothing legit will let you craft a book that will return you to where you were. Loss of linking books will strand you, until you find a star fissure which will return you to the Overworld.
		
		</text>
					
		
		</page>
		
		<page>
		<text wrap="200" x="15" y="5">	
		
		Wipe Recovery: If you wipe (die and lose all items), and do not have a safety base (a chest with materials to return home with), then you will need a large amount of items to be able to move to a new age. Returning home will require a star fissure, either naturally occurring in the ground (about 1 age in 15) or in a library. You will also need wood, stone, glass, paper, black dye (squid juice or dye trees), and iron. Not all ages will have all of these materials; some may have NONE. Iron probably requires a smeltery (good luck ...)~
        Current work-around: 
    1. If you do not have cheats enabled, open to lan and enable cheats.
    2. /give your-name 8956
    That will give you a blank D-book to a random age.
		</text>
					
		
		</page>
		
		<page>
		<text wrap="200" x="15" y="5">	
		
		Ages can be differentiated by a large number of “artistic” factors, such as colorations (fog, sky, etc), number of celestial objects (sun, moon, stars fields), their speeds and directions, etc. These have no actual effect on the game, except to the extent that suns provide light when overhead.~
Ages can be differentiated by many things that do affect the game as well. Whether or not your age has Lakes, Mineshafts, Caves, etc.; all the features of vanilla worlds can be present or not.
		</text>
					
		
		</page>
		
		<page>
		<text wrap="200" x="15" y="5">	
		
		There are also many new features that can be found. Tendrils can provide streams of materials, typically wood, as a form of “world root”. Spheres can be found both in the sky and in the ground, made of a variety of materials. Floating islands can even provide “biomes in the sky”, while plunging the world underneath them into darkness.Skylands can carve away very large amounts of landscape, leaving you with isolated little bits of land, which will rarely or never go down to the lava level.Caves in ages will generally NOT have lava when down deep; Xcw has explained that at the time the caves are made, it is very hard to tell if there was land there and if so, replace that with lava.
		
		</text>
					
		
		</page>
		
		<page>
		<text wrap="200" x="15" y="5">	
		
		Worlds that look like the overworld are fairly easy to create. Worlds that look like the nether, however, are not. Worlds that are close to the nether can be written – there is a Cave World layout that mimics the nether, and things like Nether Fortresses and Glowstone Crystalline Formations can also be found. However, the ground layout of gravel, etc, found in the nether is not directly duplicatable at this time. Not all worlds have the same type of ocean. Island worlds, for example, will have no ocean by default; almost any mod-added liquid, or ice, can be used as the ocean in an age.
		</text>
					
		
		</page>
		
		<page>
		<text wrap="200" x="15" y="5">	
		
		Finally, and critically important, Entrapment is a serious risk to the age traveler. Decay can destroy the world if the world is badly written or full of contradictory rules. Even a stable world can have openings to the void – both Skylands (which is a terrain alteration that can affect any world type), and Island World (which is a world type) will result in no bedrock layer, and nothing to stop you from falling out of the world, taking everything you are carrying with you. All travelers are encouraged, very strongly, to always carry a way home with them.
		
		</text>
					
		
		</page>
		

        <page> <text bold="true">Redstone Arsenal</text>		
		<text wrap="200" y="20">	
		Author: King Lemming and the CoFH Team
		Redstone Arsenal provides some of the most powerful tools you can get in Magic Farm. Each tool has 2 modes that can be swapped between for "normal" or "enhanced" behaviour.Enhanced behaviour uses more RF per use. These tools can also be enchanted. Efficiency enchats will lower the ammount of RF the tool requires.
		
		
		   </text>
					
		
		</page>	

        <page> <text bold="true">Tinker's Tweaks</text>		
		<text wrap="200" y="20">	
		Author: IguanaMan
		Magic Farm uses a mod called Tinker's Tweaks to add an RPG style experience leveling system to the tools. Tools must be leveled either by attaching an appropriate mob head or by using the tool to unloack the ability to mine new ores. Every second time you level your tool you will unlock a new modifier slot and possible get a free modifier.Tool parts can be replaced with upgrades. Put a fully repaired tool in a crafting grid with the part you want to use to upgrade it.Replacing parts will cost you some of the xp on the tool and you will lose the original part. Tool xp is how much xp you have towards the next tool mastery level. Boost xp is how much xp you have towards leveling up the mining level of the tool.
		
		   </text>
					
		
		</page>		
   
</book>